id_user,level,username,password,,,,,decrypt
150,1,kitchenherb,e74cb597c0f8a9c2b840874d2d58d8e77228d7bf,,,,,
137,1,otherdowdy,65919ef65004f6d7617d695e8b5cbd29568fbf80,,,,,
136,1,recallgoggles,449c20d5f64c191ff686295195e874f1418422e4,,,,,
135,1,smuthpant,0f03771d60f3ebe92c921ee04523d88f074b4815,,,,,
134,1,walktrip,461ada8bccbba526354506e7e83360210619ff20,,,,,
133,1,canoeyeasty,9623fb5446e77d9dcd2cbadf7f7f38ed04a328c4,,,,,
132,1,possibleshout,d4c1d97feef083cc427072263544bec2aa485736,,,,,
131,1,noisyjohns,01792a4dea50831c882ad960b34c0dea0a9d4efa,,,,,
130,1,puzzlingcroak,c575907c894959dfb24de9a81a840e27053e918c,,,,,
129,1,murmurvalid,3ec7cc09a6e55acef827dcd5847dddea4effbdec,,,,,
128,1,celebratedwoodcock,f56e19907ed614ba138c2eee733f5a79a62d3d54,,,,,
138,1,paternaldelightful,b330f296990e50515ed117427a9ca4e325a561fb,,,,,
139,1,diffidencecourageous,ac5227378ab68841ccde217775d7a976b4d2dddd,,,,,
149,1,ovarymaniacal,9a88965824e6dd6003ec3b78f15d83316458bd6c,,,,,
148,1,dragonplop,eedb932dda080e33d458cd3d850c212239c98f19,,,,,
147,1,limbbossy,8c63044f614600b8f67a278db6d562f61cead799,,,,,
146,1,duckbleed,828c7cbdf63f0f7ebe56931ea11093bb754ac059,,,,,
145,1,listmews,aa523f1ce8b01eee34d9d4b3fe08089431ea0fe8,,,,,
144,1,redneckremarkable,e0cced9f9a535c65c1e4373e053f8bdbec0602da,,,,,
143,1,flumetie,c28dcedef927e7cae909d529baa4ee8b1d743b2e,,,,,
142,1,barterrider,1501206a5ab08e8769250acc39f2d5a2fb2ea6d3,,,,,
141,1,rosaryresentful,b64cfce50cce4f8417c107b101cc62072ee72fa7,,,,,
140,1,cackledoodle,a760d61acf91390b86c5785a46b874f82f5eb3ad,,,,,
126,1,stitchedmoral,df587e1d4de29899e74a49cd02c4205f2dbd234f,,,,,
125,1,heatingopen,357f3b0bd5294af815362d471feca541b625fcd6,,,,,
124,1,grandurethra,3053058cea4c500ab0d4499a0002c643b6042d92,,,,,
111,1,parrotmonkey,4d932b320f799c0bd3df52994e3536fb1c2c855f,,,,,
110,1,trenchforetell,e815dc99ae5091025b943fb7db300db718264b8b,,,,,
109,1,ratsbanebladder,170994f356a6eb18a38b49d595532c9453a8af19,,,,,
108,1,savageryexcellent,4851a197e25c7fd75cddc133d5a05d62979b4491,,,,,
107,1,pantswriggle,17b3031eee58b5192d27a82af943b763f89eb1bc,,,,,
106,1,liartimid,0509cffa719d24d313842b8e813fb021ef8ebcc0,,,,,
105,1,toolcoalore,74016d1d348d63943dd3256f0256f823dde54965,,,,,
104,1,falconsurmise,1df968d708fb7974892f1069995a7e5238b90665,,,,,
103,1,chickensport,bcb319b1e792b571f41feca620dbf682cdaf9e65,,,,,
102,1,agreeableyorkshire,e12bc800cf0e753c946bd1b8048044f6fa43190c,,,,,
112,1,witcheswashing,edfed510245a44771acc194b9ceaf992abe213b8,,,,,
113,1,sinreasonable,25188b263b4ba2622d3921f14e801c1620a62959,,,,,
123,1,healthysmacked,7ae9364dd7be654c9df513172956ae8634ff8b7b,,,,,
122,1,wolfbesiege,f8cfe96fda5b929c59670935101e387b3c99fe62,,,,,
121,1,pepperbuy,242e7363fd616fa8fb8ae6da02503d0f54749c68,,,,,
120,1,whirrsowse,1a920c1058c8b3ae90c9ca5dbeb3a29edabe4872,,,,,
119,1,showymushroom,c8ae7c89edbef771d7cf685d1a1b153c25094929,,,,,
118,1,hogwashcrag,e39910b84dcc1f6c4b4ef5b0e15a33cfaf8c30f2,,,,,
117,1,direfulresolute,2280fc7d2a9dc223dd4dc58ca2e0e85b7d60887a,,,,,
116,1,shapelesstroubled,60eb9490bc926247898123a03022c6659ea90799,,,,,
115,1,puddingschinese,c65a1cf922ddcb68d2498cc7cf1a95f20af75f1c,,,,,
114,1,beamchiming,d7073001772668b3e176685434048e2d85ce3d57,,,,,
101,1,soupaloof,3ba1d6ae584d01a1e93018acbcc21ec11c08bc10,,,,,
201,1,baublebroth,9d2b3096a4e91a189d2f2c1ba4b1b5931816c9cd,,,,,
187,1,deathclocks,f1088ddddf5bc808664d76eba01d95406d26ded2,,,,,
186,1,cleaningtnt,4c6a9f5129fae09ff992e1f9bba5bbc4db5ab63a,,,,,
185,1,turnipaxel,6fc587d4f2025dab7631193f2d5b45a52f4aaee9,,,,,
184,1,cowboysbuild,b5743ed732be92923dfda2aac9857934e9b8ffa3,,,,,
183,1,cheekygazebo,a93a57dd574b7edf31bb91494b85d9617f22bad0,,,,,
182,1,ragethy,a98ccc068771acb3f7b4f481a81e0e67b2dc13f7,,,,,
181,1,twanghometeam,09ed85546ff3cd7b86c72a8f47e1eb222bc70d1e,,,,,
180,1,flapjacksblurt,5e316a3fbe82ac6c3706c1d1fbe41d4e51f7f8c7,,,,,
179,1,madclack,8b257bff513af705b9c01d958ba200a90427e71d,,,,,
178,1,magpiehusk,4619e2d2e5cb2de7c2faa07826f2586178c02eba,,,,,
188,1,conspiracyowl,a736b6546d5d4e1195b3945a108db77339f4c7b0,,,,,
189,1,triangularpeafowl,c5c818694b72f6faaf9c9e9e0b76148cdd269b9a,,,,,
200,1,pedlarmodern,b2bdfdce89c6a7ef331b04b734ad77a01d2f9be0,,,,,
199,1,ptarmiganswitch,90dfaf26c4f36ac2b878b792cda39f50c3ba4582,,,,,
198,1,glisteningmango,6c991c6824f16ddff51bc85a9002b74d222a5aea,,,,,
197,1,stircandidate,c935f799783d0706083ae3ccd1d1a803f939f785,,,,,
196,1,divernew,71f1bd5d452d9e1cec696b38e7326c6f53f98b87,,,,,
195,1,trimminghick,0300c5f880c98c4add603bba633286edbcdadb83,,,,,
194,1,mercifulsurly,7d6057bbdec127af089f0fc7abfe392f9e9f190b,,,,,
193,1,saybundle,a58b64e8398446bbb5a7cd28e155e19d4d98daaf,,,,,
192,1,reelinghunt,79e8bdc8d7bd9e1bb29a26d95fa5d9851986f7b2,,,,,
190,1,clankingvivid,99f961d95320226cf069aadbafb5395131879a9f,,,,,
177,1,crashingbread,fd630a076fa3814d453432a850b4a130e9c5d3bb,,,,,
176,1,transportibexe,f2da4d4f190f4e820e78b7010a294afc8e361098,,,,,
175,1,gritbroad,0e84732a7347ae93df6270d5f9bed5fe75b0c131,,,,,
161,1,blubbershooter,c276a286d09a34b4570dd7eaa2efb0d57bf77b2c,,,,,
160,1,joghopeful,f359aea39b4936df44016e28cbc42caa8b1cd8e4,,,,,
159,1,stretchbale,ef3dac292108497945d660c52be6be6e1ef56bb7,,,,,
158,1,raspcrusty,95b509bae54eebc1129779aa5554e608ef879563,,,,,
157,1,gulliblerequired,1c8d6bf4ec9a9609f1033c186c50d6527938b45b,,,,,
156,1,bugsinnocent,08b8fa36bc345bb06551cff5b8175a25b6976d3b,,,,,
155,1,offbeatpear,e7a90ffee28b8f22f89ccf94ae7769f8fc1d4039,,,,,
154,1,joinedhartebeest,ea5aecc35e95e89f4711ed208f0d9e6a28b12edd,,,,,
153,1,whoppingrug,01dfde23e9da3818b62aaba1acd97377cda0e839,,,,,
152,1,murderousjoyful,4cb3604c5cf83aab200d7065f410f9c76a25dc8f,,,,,
162,1,jellyfishblast,1afe28bb25846e89441093de082bf9471c97f046,,,,,
163,1,obnoxioushive,f283e597f5c0cb8ce7069b19b4ffd9478ddbee29,,,,,
174,1,secretarybrakes,395a1f6e7266c1f339d1a0dfd4cc6f9e8b075509,,,,,
173,1,friedoriginal,9594ebe6578d6633add733be0387b904f7eb5c8d,,,,,
172,1,sugarcanehorse,ef8cdb99a1c257f752863ffcf888190d7f5bbe6d,,,,,
171,1,makedive,e9c753a95406097de6d6a5a533d283b9e7543f65,,,,,
170,1,reflectprawns,435673d27fef8e18b4a4ad58bd794e6aacbfec48,,,,,
168,1,dovesugliest,850081294d4334ab7a35c9c13593a8a8f3aa9dbd,,,,,
167,1,skeletonsparkle,0f5a898dea15bb8cf72d4981caefec52a504835c,,,,,
166,1,unhealthyquail,0cc323b1c8d3608e80a1424865f2b9ca11f1855e,,,,,
165,1,panjandrumwait,ebce8d06f17004a4a1637e90b216c986b85de0ca,,,,,
164,1,turkeyfar,e2a56c5cf96056c22c1c9e7a0d1777393f176f02,,,,,
151,1,sparklingbass,2e96ba14fc134e609ce4dcde4eea43144275dd20,,,,,
52,1,cherriesparkour,de144bce8edf1dfe477272d34d088cf0d940db4a,,,,,
39,1,femurplonk,017f40344b25422df058b37e7700b0d174822808,,,,,
38,1,hickgalled,57aeba277d66482c92a320215a30701b663e3a37,,,,,
37,1,matdoading,4c4ddd7f6e9bd40709d52753868cbe58d49da94e,,,,,
36,1,indianusurp,1d3d3fa2e37241370e7afae5d463f0afb447b87d,,,,,
35,1,bureaucratbobble,9b4d8e05666a20b3cf68d9027c23888ebffd25c8,,,,,
34,1,telephonepains,69783cc71f6c7ba6a976e62d6f83ddac374cd311,,,,,
33,1,pecantelephone,7083577e11f420522190c6a4ef59fe4dcb808745,,,,,
32,1,injurebellowing,08e5d19175c9c3719486d02d9eb8fb1f09eb5be5,,,,,
31,1,criticizemoulting,b910966a424e7336505cb54091a8c99727a43eeb,,,,,
30,1,thunderousnesting,293dcec1bbd9a8f46ab8b6f9d31fb9837344cb33,,,,,
40,1,coatipools,4d0b4484691c3a8b9d08337101804896273e0f0a,,,,,
41,1,glozingfurnace,2b564db62ea4dcca971ba5b3b0d32fc37698b158,,,,,
51,1,skincountless,1d2f298221c09a6a4dd3d65e4cc81f58d57772d0,,,,,
50,1,bloatnote,0cd0025760804b22fb51de46c48cd19ac6658d26,,,,,
49,1,quizzicalbrand,5a0a07475b888f3b824f261840a34c63619f529b,,,,,
48,1,raftingweaver,bbb4b56a85d12846dbb11bf7316bc50f0341d8c4,,,,,
47,1,fortunatebudget,5f55271f23e985b7db8cef9b8a4b74a02dc495ae,,,,,
46,1,paramedicflagella,ba878ef1f017d52ade0aa017667bed2bad6ae249,,,,,
45,1,bolthumor,ac4a19548defbbb3250b9487660dd4907dc989a7,,,,,
44,1,stakingproperty,5da56564b1a53d0d87884c31f9c438c2c850ed52,,,,,
43,1,dreamingcollective,d5e3cef8aa63182e76e7145b509dbb3914b5dbcd,,,,,
42,1,irisverdant,143f664659a73256fa2e00da322ee85a07c8f9aa,,,,,
29,1,longtermpaltry,5c198cb567a7b1861f66b1e40b7c545bbd58d46e,,,,,
28,1,unfoldedclunk,1f8ac10f23c5b5bc1167bda84b833e5c057a77d2,,,,,abcdef
27,1,turtledovevibrant,4e7b1d284f52ea108e51fa39e1779c8ebc8abcdf,,,,,
13,1,oatmealtoboggan,2d02bee899a6558e5c6805d9ffaba0df2877ad13,,,,,
12,1,soullesschatter,2238746e3899e21912be8cd1ae89631b2d893b30,,,,,
11,1,georgianclot,3b3dc240f33d7520cdf9abbf2e1fcb9501463545,,,,,
10,1,facedgrease,1b74829478298fa4ae5d9702c84db4d41754ddd8,,,,,
9,1,clearedvictor,608b6cf59a18cad0d95231a19c5779324f88e1ff,,,,,
8,1,grotesquetaking,372e5d3d43afc634ff1447a31aed0e267838de75,,,,,
7,1,poncyborn,80af4365788c67fb8c89ffee53bced8d79a5f65f,,,,,
6,1,variableminecart,6a67a8ed1c8bbd469d9f78f0940e622791aadd31,,,,,
5,1,determinedpositive,2e99a62bb431771bde2cb733498780200a1b4147,,,,,
4,1,mechanicmandrill,727e2a578183aad7ee1e72d0ec7ebb42e67b570a,,,,,
14,1,tenuntidy,27b0aaa816d055fb13507bab72d89a361d438dc2,,,,,
15,1,haggischeshire,f9df460de195f502d257b6fb20c8498cd9739fb1,,,,,
26,1,steadfastensorcell,a496a8b6ba7eb96ecceebdb40ed47e611b4913e2,,,,,
25,1,attemptpizzle,1165e68fe6bb12bb0ba87ba05096090cb0e9b709,,,,,
24,1,puppiesevery,ac35e7cea923a3a48c31b9bd8a1988508cda709d,,,,,
22,1,primewaste,15e56ff838f071b76515dfead5f23f1796a77f84,,,,,
21,1,spoonpillock,771f419ec96d32a4f1dcbce483d0ff57e95d1383,,,,,
20,1,contentflock,02dea4d71b0474379fd808945e9e3649ab36d45a,,,,,
19,1,awesomegrateful,74be27b901232eb6228a4c344d18ae536968a690,,,,,
18,1,snotcurrish,bf80d929ac603ef827b50a80d1047c9b1a86f40e,,,,,
17,1,crummydingdong,5bc0dabaa8dd1330118996e490f73cdd24fd4a09,,,,,
16,1,pedunclecoati,855bc240e36d67cb55d5d09eff4e8a8ba6df1a59,,,,,
3,1,boxercheek,7c4a8d09ca3762af61e59520943dc26494f8941b,,,,,123456
100,1,theorizeroast,f77a3281bb9253bbcb275780cfbd871797acc404,,,,,
87,1,iglooturd,894ac9963402cfe74fe395471849ff75e2aacf65,,,,,
86,1,proficientubiquity,adf62f7e0831e253c8582fbb1d4d54a381db01d1,,,,,
85,1,pridetrounce,d19ac311d750c770e17b7cd76329cbd210a912d2,,,,,
84,1,donnybrooktempt,66432fbe8d658a5856e9a8f072706185baeec7ac,,,,,
83,1,writesick,6cc87129f4dce9227230a6c0a0266ecf55ac3cdd,,,,,
82,1,dimpledfrigid,bde193e696028eca732ddf644cd7598b7ea56a3f,,,,,
80,1,hairyblackberry,0419e677d60611993b619c49695a37e32aad4f67,,,,,
79,1,speakpainted,e1a0ced447ac96f236ff0f32b715e02044b0acd3,,,,,
78,1,keycandid,4dfc854400a1b4aad2d32e88ada78ebb1d0e9e8f,,,,,
77,1,unnaturalrumbling,49bb9796d7481eb798e40407a28b1e676f35defb,,,,,
88,1,eyrarcows,76b28c75e5d71ae2a8368e910d4d78400d5599f9,,,,,
89,1,hidesled,e50390b9f8fe9dcd832636ec542dd95becacc38c,,,,,
99,1,wallowblooded,06ac99f9abf223889b0a70b0b03686559af1fd00,,,,,
98,1,detailedshabby,73dc7d123c88c74a8a1b6c4cb04f7a1eb9fa120c,,,,,
97,1,deltoidsuggest,177158b45afbe49aa25415d19e978a346714c713,,,,,
96,1,avocetcurved,a36bcf0c46577c993d15676118f7aafca11d6ea8,,,,,
95,1,chopsshrewdness,8e3b3823cba6abeb87c4212b750f57a8f998364a,,,,,
94,1,distressedfire,f2d200f6a858fffbd60f29b6f82381913e796b45,,,,,
93,1,fatuouswomb,ab126e3c06245f73531d8ef6099c3660b92043ba,,,,,
92,1,chimpkids,78665eb132508df64b4265bc03f985b6db4c2627,,,,,
91,1,eliteunicycle,c3e4f2552e3543406a42d11de37b08581f46f9b1,,,,,
90,1,bladderincredible,852ab8298a80bb5674b28ae5b75f79b6605b46c3,,,,,
76,1,waitjumpy,b2c7502a05dd9b980da96f4dc13934b805ac0a6a,,,,,
75,1,negativeallow,b6d40a99d527e8926810af24a32a1ad3a234e340,,,,,
64,1,halftimedentist,87f0796927e27fb0d60386b2d99f8e6d675e7803,,,,,
66,1,traingrind,c69f262ac0a2a1dac26ec2b7dc64073d73ec29a7,,,,,
56,1,therapistknock,74fd638c5f49d62a9fff62876bd5e42b321caa43,,,,,
57,1,littleskinny,4f84aaf51e0472d516505facf1fe4d2728fa8295,,,,,
63,1,gildhandlers,72d6229dcc806dda2145f277d1eadbae54badd5a,,,,,
58,1,uselessintroduce,f503883d3f62e270bd71fda0a55b2b1a95340adc,,,,,
62,1,tightacoustic,d8f0a3d4acbf77f774895d9007093f4abb5996a0,,,,,
61,1,victoriousspoon,99084d465616e55808a841ca0c117bc786f3aa3b,,,,,
60,1,salamitaekwondo,5e492247e0b07ba08a9c69ca55e8c9c349614a5b,,,,,
67,1,dummysticker,8c93647a389580dd25d219cbdb8aa5364735f363,,,,,
68,1,abandonedworthless,aa415f044877f8050de2ccd576dae3e78d3b6f2a,,,,,
69,1,carvecreepy,4619471edefad900948ee17e1ed60a8dd6b8c083,,,,,
74,1,sowphew,180c12add88f1b535e78c9d31c4c9447adb52b06,,,,,
73,1,bangershay,63230c506da7587d2c7c75e0691e32fef2e2d257,,,,,
72,1,correctsecondhand,1723a3b9b3f2326b4d5593dbbd9c243168b48d8f,,,,,
65,1,racinghappy,6d0b86c33cbb4b8f91792a2617145cd1e0ce8a8e,,,,,
54,1,cagedagitated,80c4cdc75eac0cb83e0f3d6a26091d50ee750f10,,,,,
55,1,asklacrosse,b082f27c3a10cd82a33ff033017b1840ab3c17c8,,,,,
71,1,momentouscynical,ea0c4486f2febbad16db572981d070fea1423198,,,,,
70,1,sardineslibyan,dba2df3c96c97890c917b73cc7eb15118face5d9,,,,,
59,1,racialmallet,125ee3f407eabe3c0d7246e35271f4529b0bb704,,,,,
191,2,ludicrousslang,bd99dfe83f18b4b4f20ee029d7c4b51dedfbc01a,,,,,
127,2,dictat0R,b387bfbfd4aa17b981a14c85aba71b616950f6ac,,,,,
53,2,hockeysnap,402f50496d97a2ed44ae878491e618d870950733,,,,,
81,2,easyshameless,b65cabfb161c2b275e502c49c0133c5f1a66ea80,,,,,
23,2,maturewideeyed,4a423a9ba7a256060e5572ba00efeb33067e0ebb,,,,,
169,2,auroracream,aade6b3bf96f8c3fe296cfee8d4f71f278ebe2d8,,,,,
202,2,jackthefarmer,0e47895431547896123456879531054087654321,,,,,
